{"train/validation_accuracy":0.99,"train/epoch":1,"test/steps_per_second":4.168,"test/loss":0.011926538310945034,"eval/accuracy":0.99,"train/learning_rate":4.444444444444445e-08,"test/recall":0.9936305732484076,"eval/recall":0.9808917197452229,"train_runtime":259.307,"train/validation_samples_per_second":33.88,"eval/steps_per_second":4.251,"_runtime":287,"eval/runtime":14.8195,"train_samples_per_second":7.713,"test/precision":0.9873417721518988,"train/global_step":500,"_wandb":{"runtime":287},"train_loss":0.11469961273483932,"train/validation_loss":0.0383576899766922,"_step":23,"total_flos":3.0247583175264e+14,"train/validation_recall":0.9808917197452229,"_timestamp":1.775304462731265e+09,"test/runtime":15.1157,"train/grad_norm":0.07164863497018814,"train/validation_runtime":14.7579,"eval/f1":0.9840255591054313,"eval/samples_per_second":33.739,"test/samples_per_second":33.078,"test/f1":0.9904761904761905,"test/accuracy":0.994,"train_steps_per_second":1.928,"train/validation_steps_per_second":4.269,"eval/precision":0.9871794871794872,"eval/loss":0.0383576899766922,"train/validation_precision":0.9871794871794872,"train/validation_f1":0.9840255591054313,"train/loss":0.053434438705444336}