{"test/accuracy":0.964,"eval/samples_per_second":57.605,"test/samples_per_second":60.12,"train/grad_norm":0.044511113315820694,"train/epoch":1,"train_samples_per_second":11.371,"test/runtime":8.3167,"_runtime":191,"eval/f1":0.924924924924925,"test/precision":0.8971428571428571,"train/validation_steps_per_second":7.659,"train/validation_recall":0.9808917197452229,"train/validation_runtime":8.2251,"eval/runtime":8.6799,"test/f1":0.9457831325301205,"_timestamp":1.77530524587336e+09,"eval/recall":0.9808917197452229,"train/validation_loss":0.25466275215148926,"test/loss":0.15471167862415314,"train_loss":0.15954418715834617,"train/global_step":500,"train/validation_accuracy":0.95,"eval/steps_per_second":7.258,"eval/accuracy":0.95,"train_runtime":175.8922,"test/steps_per_second":7.575,"train/validation_samples_per_second":60.79,"train/validation_precision":0.875,"train/loss":0.06210469722747803,"train/validation_f1":0.924924924924925,"train_steps_per_second":2.843,"_step":23,"eval/loss":0.25466275215148926,"total_flos":2.339118948804e+14,"_wandb":{"runtime":191},"train/learning_rate":4.444444444444445e-08,"eval/precision":0.875,"test/recall":1}