{"_timestamp":1.7753057384823601e+09,"test/precision":0.9874213836477987,"eval/loss":0.07533587515354156,"train/validation_runtime":8.1331,"train/validation_f1":0.9741935483870968,"train_loss":0.15887902201619,"test/runtime":8.6625,"train/validation_loss":0.07533587515354156,"train_runtime":181.3351,"train/learning_rate":4.444444444444445e-08,"train_samples_per_second":11.029,"_runtime":197,"test/recall":1,"test/loss":0.023881928995251656,"train/validation_accuracy":0.984,"eval/accuracy":0.984,"test/samples_per_second":57.72,"train/grad_norm":0.11497517675161362,"eval/samples_per_second":59.104,"test/f1":0.9936708860759493,"train/loss":0.056846752166748046,"train_steps_per_second":2.757,"total_flos":2.3317806170256e+14,"eval/recall":0.9617834394904459,"eval/f1":0.9741935483870968,"train/global_step":500,"_wandb":{"runtime":197},"train/validation_samples_per_second":61.477,"eval/steps_per_second":7.447,"eval/precision":0.9869281045751634,"eval/runtime":8.4597,"train/validation_recall":0.9617834394904459,"train/validation_steps_per_second":7.746,"test/steps_per_second":7.273,"test/accuracy":0.996,"train/validation_precision":0.9869281045751634,"_step":23,"train/epoch":1}